incident_id,transcript,created_at
INC00001,"User: I am facing an issue in the OrderMgmt module.
Agent: Can you describe the problem?
User: Checkout related issue in OrderMgmt module.
Agent: We are investigating the issue.
Agent: Root cause identified as Schema mismatch in payload.
Agent: Resolution applied – Cleared distributed cache and forced cache rebuild.",2024-02-07T00:00:00
INC00002,"User: I am facing an issue in the Billing module.
Agent: Can you describe the problem?
User: Tax related issue in Billing module.
Agent: We are investigating the issue.
Agent: Root cause identified as Null value in database column.
Agent: Resolution applied – Updated missing database records using corrective SQL script.",2024-08-10T00:00:00
INC00003,"User: I am facing an issue in the CRM module.
Agent: Can you describe the problem?
User: Customer related issue in CRM module.
Agent: We are investigating the issue.
Agent: Root cause identified as Stale cache entry after deployment.
Agent: Resolution applied – Restarted affected microservice and validated health checks.",2024-10-25T00:00:00
INC00004,"User: I am facing an issue in the Billing module.
Agent: Can you describe the problem?
User: Tax related issue in Billing module.
Agent: We are investigating the issue.
Agent: Root cause identified as Missing reference data.
Agent: Resolution applied – Corrected payload schema and redeployed integration.",2024-03-14T00:00:00
INC00005,"User: I am facing an issue in the Login module.
Agent: Can you describe the problem?
User: Authentication related issue in Login module.
Agent: We are investigating the issue.
Agent: Root cause identified as Incorrect configuration parameter.
Agent: Resolution applied – Reprocessed failed data through batch job.",2024-02-19T00:00:00
INC00006,"User: I am facing an issue in the Analytics module.
Agent: Can you describe the problem?
User: Refresh related issue in Analytics module.
Agent: We are investigating the issue.
Agent: Root cause identified as Schema mismatch in payload.
Agent: Resolution applied – Reprocessed failed data through batch job.",2024-08-26T00:00:00
INC00007,"User: I am facing an issue in the Analytics module.
Agent: Can you describe the problem?
User: Etl related issue in Analytics module.
Agent: We are investigating the issue.
Agent: Root cause identified as Incorrect configuration parameter.
Agent: Resolution applied – Updated missing database records using corrective SQL script.",2024-10-21T00:00:00
INC00008,"User: I am facing an issue in the Shipping module.
Agent: Can you describe the problem?
User: Label related issue in Shipping module.
Agent: We are investigating the issue.
Agent: Root cause identified as Stale cache entry after deployment.
Agent: Resolution applied – Updated missing database records using corrective SQL script.",2024-09-19T00:00:00
INC00009,"User: I am facing an issue in the Shipping module.
Agent: Can you describe the problem?
User: Dispatch related issue in Shipping module.
Agent: We are investigating the issue.
Agent: Root cause identified as Null value in database column.
Agent: Resolution applied – Updated missing database records using corrective SQL script.",2024-10-12T00:00:00
INC00010,"User: I am facing an issue in the OrderMgmt module.
Agent: Can you describe the problem?
User: Status related issue in OrderMgmt module.
Agent: We are investigating the issue.
Agent: Root cause identified as Permission misconfiguration.
Agent: Resolution applied – Updated missing database records using corrective SQL script.",2024-02-17T00:00:00
INC00011,"User: I am facing an issue in the Payments module.
Agent: Can you describe the problem?
User: Timeout related issue in Payments module.
Agent: We are investigating the issue.
Agent: Root cause identified as Missing reference data.
Agent: Resolution applied – Granted missing role permissions to affected users.",2024-05-25T00:00:00
INC00012,"User: I am facing an issue in the Billing module.
Agent: Can you describe the problem?
User: Discount related issue in Billing module.
Agent: We are investigating the issue.
Agent: Root cause identified as Network latency spike.
Agent: Resolution applied – Retried failed API calls with increased timeout.",2024-02-29T00:00:00
INC00013,"User: I am facing an issue in the Login module.
Agent: Can you describe the problem?
User: Session related issue in Login module.
Agent: We are investigating the issue.
Agent: Root cause identified as Schema mismatch in payload.
Agent: Resolution applied – Corrected payload schema and redeployed integration.",2024-09-11T00:00:00
INC00014,"User: I am facing an issue in the Inventory module.
Agent: Can you describe the problem?
User: Sync related issue in Inventory module.
Agent: We are investigating the issue.
Agent: Root cause identified as Schema mismatch in payload.
Agent: Resolution applied – Applied configuration fix and redeployed service.",2024-07-31T00:00:00
INC00015,"User: I am facing an issue in the Payments module.
Agent: Can you describe the problem?
User: Gateway related issue in Payments module.
Agent: We are investigating the issue.
Agent: Root cause identified as Downstream API timeout.
Agent: Resolution applied – Restarted affected microservice and validated health checks.",2024-04-29T00:00:00
INC00016,"User: I am facing an issue in the Inventory module.
Agent: Can you describe the problem?
User: Sku related issue in Inventory module.
Agent: We are investigating the issue.
Agent: Root cause identified as Null value in database column.
Agent: Resolution applied – Retried failed API calls with increased timeout.",2024-08-02T00:00:00
INC00017,"User: I am facing an issue in the OrderMgmt module.
Agent: Can you describe the problem?
User: Checkout related issue in OrderMgmt module.
Agent: We are investigating the issue.
Agent: Root cause identified as Null value in database column.
Agent: Resolution applied – Granted missing role permissions to affected users.",2024-10-13T00:00:00
INC00018,"User: I am facing an issue in the Payments module.
Agent: Can you describe the problem?
User: Callback related issue in Payments module.
Agent: We are investigating the issue.
Agent: Root cause identified as Schema mismatch in payload.
Agent: Resolution applied – Cleared distributed cache and forced cache rebuild.",2024-04-07T00:00:00
INC00019,"User: I am facing an issue in the Payments module.
Agent: Can you describe the problem?
User: Retry related issue in Payments module.
Agent: We are investigating the issue.
Agent: Root cause identified as Null value in database column.
Agent: Resolution applied – Updated missing database records using corrective SQL script.",2024-01-01T00:00:00
INC00020,"User: I am facing an issue in the OrderMgmt module.
Agent: Can you describe the problem?
User: Order related issue in OrderMgmt module.
Agent: We are investigating the issue.
Agent: Root cause identified as Stale cache entry after deployment.
Agent: Resolution applied – Restarted affected microservice and validated health checks.",2024-07-11T00:00:00
INC00021,"User: I am facing an issue in the OrderMgmt module.
Agent: Can you describe the problem?
User: Status related issue in OrderMgmt module.
Agent: We are investigating the issue.
Agent: Root cause identified as Stale cache entry after deployment.
Agent: Resolution applied – Updated missing database records using corrective SQL script.",2024-09-06T00:00:00
INC00022,"User: I am facing an issue in the Payments module.
Agent: Can you describe the problem?
User: Gateway related issue in Payments module.
Agent: We are investigating the issue.
Agent: Root cause identified as Stale cache entry after deployment.
Agent: Resolution applied – Reprocessed failed data through batch job.",2024-05-15T00:00:00
INC00023,"User: I am facing an issue in the Analytics module.
Agent: Can you describe the problem?
User: Dashboard related issue in Analytics module.
Agent: We are investigating the issue.
Agent: Root cause identified as Downstream API timeout.
Agent: Resolution applied – Cleared distributed cache and forced cache rebuild.",2024-09-27T00:00:00
INC00024,"User: I am facing an issue in the OrderMgmt module.
Agent: Can you describe the problem?
User: Checkout related issue in OrderMgmt module.
Agent: We are investigating the issue.
Agent: Root cause identified as Network latency spike.
Agent: Resolution applied – Restarted affected microservice and validated health checks.",2024-09-29T00:00:00
INC00025,"User: I am facing an issue in the Analytics module.
Agent: Can you describe the problem?
User: Etl related issue in Analytics module.
Agent: We are investigating the issue.
Agent: Root cause identified as Schema mismatch in payload.
Agent: Resolution applied – Restarted affected microservice and validated health checks.",2024-04-12T00:00:00
INC00026,"User: I am facing an issue in the Billing module.
Agent: Can you describe the problem?
User: Invoice related issue in Billing module.
Agent: We are investigating the issue.
Agent: Root cause identified as Missing reference data.
Agent: Resolution applied – Granted missing role permissions to affected users.",2024-05-12T00:00:00
INC00027,"User: I am facing an issue in the OrderMgmt module.
Agent: Can you describe the problem?
User: Fulfillment related issue in OrderMgmt module.
Agent: We are investigating the issue.
Agent: Root cause identified as Stale cache entry after deployment.
Agent: Resolution applied – Restarted affected microservice and validated health checks.",2024-02-22T00:00:00
INC00028,"User: I am facing an issue in the Analytics module.
Agent: Can you describe the problem?
User: Refresh related issue in Analytics module.
Agent: We are investigating the issue.
Agent: Root cause identified as Null value in database column.
Agent: Resolution applied – Granted missing role permissions to affected users.",2024-06-25T00:00:00
INC00029,"User: I am facing an issue in the CRM module.
Agent: Can you describe the problem?
User: Profile related issue in CRM module.
Agent: We are investigating the issue.
Agent: Root cause identified as Permission misconfiguration.
Agent: Resolution applied – Retried failed API calls with increased timeout.",2024-08-10T00:00:00
INC00030,"User: I am facing an issue in the CRM module.
Agent: Can you describe the problem?
User: Permissions related issue in CRM module.
Agent: We are investigating the issue.
Agent: Root cause identified as Schema mismatch in payload.
Agent: Resolution applied – Updated missing database records using corrective SQL script.",2024-03-22T00:00:00
INC00031,"User: I am facing an issue in the Shipping module.
Agent: Can you describe the problem?
User: Tracking related issue in Shipping module.
Agent: We are investigating the issue.
Agent: Root cause identified as Permission misconfiguration.
Agent: Resolution applied – Reprocessed failed data through batch job.",2024-03-20T00:00:00
INC00032,"User: I am facing an issue in the Payments module.
Agent: Can you describe the problem?
User: Gateway related issue in Payments module.
Agent: We are investigating the issue.
Agent: Root cause identified as Schema mismatch in payload.
Agent: Resolution applied – Restarted affected microservice and validated health checks.",2024-04-18T00:00:00
INC00033,"User: I am facing an issue in the Analytics module.
Agent: Can you describe the problem?
User: Dashboard related issue in Analytics module.
Agent: We are investigating the issue.
Agent: Root cause identified as Missing reference data.
Agent: Resolution applied – Corrected payload schema and redeployed integration.",2024-03-08T00:00:00
INC00034,"User: I am facing an issue in the CRM module.
Agent: Can you describe the problem?
User: Profile related issue in CRM module.
Agent: We are investigating the issue.
Agent: Root cause identified as Downstream API timeout.
Agent: Resolution applied – Cleared distributed cache and forced cache rebuild.",2024-08-13T00:00:00
INC00035,"User: I am facing an issue in the Login module.
Agent: Can you describe the problem?
User: Sso related issue in Login module.
Agent: We are investigating the issue.
Agent: Root cause identified as Stale cache entry after deployment.
Agent: Resolution applied – Cleared distributed cache and forced cache rebuild.",2024-06-15T00:00:00
INC00036,"User: I am facing an issue in the Billing module.
Agent: Can you describe the problem?
User: Tax related issue in Billing module.
Agent: We are investigating the issue.
Agent: Root cause identified as Incorrect configuration parameter.
Agent: Resolution applied – Applied configuration fix and redeployed service.",2024-01-22T00:00:00
INC00037,"User: I am facing an issue in the Payments module.
Agent: Can you describe the problem?
User: Callback related issue in Payments module.
Agent: We are investigating the issue.
Agent: Root cause identified as Network latency spike.
Agent: Resolution applied – Restarted affected microservice and validated health checks.",2024-05-21T00:00:00
INC00038,"User: I am facing an issue in the Inventory module.
Agent: Can you describe the problem?
User: Sync related issue in Inventory module.
Agent: We are investigating the issue.
Agent: Root cause identified as Permission misconfiguration.
Agent: Resolution applied – Retried failed API calls with increased timeout.",2024-08-01T00:00:00
INC00039,"User: I am facing an issue in the Payments module.
Agent: Can you describe the problem?
User: Gateway related issue in Payments module.
Agent: We are investigating the issue.
Agent: Root cause identified as Schema mismatch in payload.
Agent: Resolution applied – Updated missing database records using corrective SQL script.",2024-04-18T00:00:00
INC00040,"User: I am facing an issue in the OrderMgmt module.
Agent: Can you describe the problem?
User: Checkout related issue in OrderMgmt module.
Agent: We are investigating the issue.
Agent: Root cause identified as Missing reference data.
Agent: Resolution applied – Retried failed API calls with increased timeout.",2024-08-27T00:00:00
INC00041,"User: I am facing an issue in the Login module.
Agent: Can you describe the problem?
User: Session related issue in Login module.
Agent: We are investigating the issue.
Agent: Root cause identified as Downstream API timeout.
Agent: Resolution applied – Corrected payload schema and redeployed integration.",2024-09-20T00:00:00
INC00042,"User: I am facing an issue in the OrderMgmt module.
Agent: Can you describe the problem?
User: Fulfillment related issue in OrderMgmt module.
Agent: We are investigating the issue.
Agent: Root cause identified as Stale cache entry after deployment.
Agent: Resolution applied – Reprocessed failed data through batch job.",2024-01-10T00:00:00
INC00043,"User: I am facing an issue in the Billing module.
Agent: Can you describe the problem?
User: Discount related issue in Billing module.
Agent: We are investigating the issue.
Agent: Root cause identified as Network latency spike.
Agent: Resolution applied – Applied configuration fix and redeployed service.",2024-09-19T00:00:00
INC00044,"User: I am facing an issue in the Payments module.
Agent: Can you describe the problem?
User: Retry related issue in Payments module.
Agent: We are investigating the issue.
Agent: Root cause identified as Missing reference data.
Agent: Resolution applied – Cleared distributed cache and forced cache rebuild.",2024-04-02T00:00:00
INC00045,"User: I am facing an issue in the Inventory module.
Agent: Can you describe the problem?
User: Warehouse related issue in Inventory module.
Agent: We are investigating the issue.
Agent: Root cause identified as Downstream API timeout.
Agent: Resolution applied – Granted missing role permissions to affected users.",2024-06-16T00:00:00
INC00046,"User: I am facing an issue in the Login module.
Agent: Can you describe the problem?
User: Sso related issue in Login module.
Agent: We are investigating the issue.
Agent: Root cause identified as Stale cache entry after deployment.
Agent: Resolution applied – Applied configuration fix and redeployed service.",2024-01-09T00:00:00
INC00047,"User: I am facing an issue in the Analytics module.
Agent: Can you describe the problem?
User: Report related issue in Analytics module.
Agent: We are investigating the issue.
Agent: Root cause identified as Missing reference data.
Agent: Resolution applied – Updated missing database records using corrective SQL script.",2024-08-20T00:00:00
INC00048,"User: I am facing an issue in the Inventory module.
Agent: Can you describe the problem?
User: Sync related issue in Inventory module.
Agent: We are investigating the issue.
Agent: Root cause identified as Null value in database column.
Agent: Resolution applied – Restarted affected microservice and validated health checks.",2024-02-26T00:00:00
INC00049,"User: I am facing an issue in the Analytics module.
Agent: Can you describe the problem?
User: Dashboard related issue in Analytics module.
Agent: We are investigating the issue.
Agent: Root cause identified as Missing reference data.
Agent: Resolution applied – Restarted affected microservice and validated health checks.",2024-05-28T00:00:00
INC00050,"User: I am facing an issue in the Billing module.
Agent: Can you describe the problem?
User: Pricing related issue in Billing module.
Agent: We are investigating the issue.
Agent: Root cause identified as Null value in database column.
Agent: Resolution applied – Cleared distributed cache and forced cache rebuild.",2024-01-10T00:00:00
INC00051,"User: I am facing an issue in the Analytics module.
Agent: Can you describe the problem?
User: Refresh related issue in Analytics module.
Agent: We are investigating the issue.
Agent: Root cause identified as Stale cache entry after deployment.
Agent: Resolution applied – Corrected payload schema and redeployed integration.",2024-09-10T00:00:00
INC00052,"User: I am facing an issue in the Analytics module.
Agent: Can you describe the problem?
User: Etl related issue in Analytics module.
Agent: We are investigating the issue.
Agent: Root cause identified as Network latency spike.
Agent: Resolution applied – Restarted affected microservice and validated health checks.",2024-03-12T00:00:00
INC00053,"User: I am facing an issue in the Billing module.
Agent: Can you describe the problem?
User: Invoice related issue in Billing module.
Agent: We are investigating the issue.
Agent: Root cause identified as Missing reference data.
Agent: Resolution applied – Corrected payload schema and redeployed integration.",2024-03-24T00:00:00
INC00054,"User: I am facing an issue in the Inventory module.
Agent: Can you describe the problem?
User: Sync related issue in Inventory module.
Agent: We are investigating the issue.
Agent: Root cause identified as Missing reference data.
Agent: Resolution applied – Cleared distributed cache and forced cache rebuild.",2024-08-23T00:00:00
INC00055,"User: I am facing an issue in the Billing module.
Agent: Can you describe the problem?
User: Pricing related issue in Billing module.
Agent: We are investigating the issue.
Agent: Root cause identified as Network latency spike.
Agent: Resolution applied – Reprocessed failed data through batch job.",2024-10-07T00:00:00
INC00056,"User: I am facing an issue in the Analytics module.
Agent: Can you describe the problem?
User: Dashboard related issue in Analytics module.
Agent: We are investigating the issue.
Agent: Root cause identified as Downstream API timeout.
Agent: Resolution applied – Cleared distributed cache and forced cache rebuild.",2024-06-20T00:00:00
INC00057,"User: I am facing an issue in the Analytics module.
Agent: Can you describe the problem?
User: Etl related issue in Analytics module.
Agent: We are investigating the issue.
Agent: Root cause identified as Null value in database column.
Agent: Resolution applied – Updated missing database records using corrective SQL script.",2024-05-15T00:00:00
INC00058,"User: I am facing an issue in the Billing module.
Agent: Can you describe the problem?
User: Discount related issue in Billing module.
Agent: We are investigating the issue.
Agent: Root cause identified as Null value in database column.
Agent: Resolution applied – Applied configuration fix and redeployed service.",2024-06-04T00:00:00
INC00059,"User: I am facing an issue in the Login module.
Agent: Can you describe the problem?
User: Sso related issue in Login module.
Agent: We are investigating the issue.
Agent: Root cause identified as Network latency spike.
Agent: Resolution applied – Granted missing role permissions to affected users.",2024-03-17T00:00:00
INC00060,"User: I am facing an issue in the CRM module.
Agent: Can you describe the problem?
User: Profile related issue in CRM module.
Agent: We are investigating the issue.
Agent: Root cause identified as Null value in database column.
Agent: Resolution applied – Restarted affected microservice and validated health checks.",2024-02-13T00:00:00
INC00061,"User: I am facing an issue in the OrderMgmt module.
Agent: Can you describe the problem?
User: Order related issue in OrderMgmt module.
Agent: We are investigating the issue.
Agent: Root cause identified as Schema mismatch in payload.
Agent: Resolution applied – Granted missing role permissions to affected users.",2024-10-12T00:00:00
INC00062,"User: I am facing an issue in the Analytics module.
Agent: Can you describe the problem?
User: Refresh related issue in Analytics module.
Agent: We are investigating the issue.
Agent: Root cause identified as Missing reference data.
Agent: Resolution applied – Cleared distributed cache and forced cache rebuild.",2024-08-21T00:00:00
INC00063,"User: I am facing an issue in the Payments module.
Agent: Can you describe the problem?
User: Callback related issue in Payments module.
Agent: We are investigating the issue.
Agent: Root cause identified as Missing reference data.
Agent: Resolution applied – Updated missing database records using corrective SQL script.",2024-05-15T00:00:00
INC00064,"User: I am facing an issue in the Shipping module.
Agent: Can you describe the problem?
User: Dispatch related issue in Shipping module.
Agent: We are investigating the issue.
Agent: Root cause identified as Schema mismatch in payload.
Agent: Resolution applied – Updated missing database records using corrective SQL script.",2024-09-02T00:00:00
INC00065,"User: I am facing an issue in the Analytics module.
Agent: Can you describe the problem?
User: Report related issue in Analytics module.
Agent: We are investigating the issue.
Agent: Root cause identified as Downstream API timeout.
Agent: Resolution applied – Reprocessed failed data through batch job.",2024-05-10T00:00:00
INC00066,"User: I am facing an issue in the Login module.
Agent: Can you describe the problem?
User: Authentication related issue in Login module.
Agent: We are investigating the issue.
Agent: Root cause identified as Permission misconfiguration.
Agent: Resolution applied – Cleared distributed cache and forced cache rebuild.",2024-09-05T00:00:00
INC00067,"User: I am facing an issue in the Shipping module.
Agent: Can you describe the problem?
User: Label related issue in Shipping module.
Agent: We are investigating the issue.
Agent: Root cause identified as Missing reference data.
Agent: Resolution applied – Granted missing role permissions to affected users.",2024-08-26T00:00:00
INC00068,"User: I am facing an issue in the Inventory module.
Agent: Can you describe the problem?
User: Stock related issue in Inventory module.
Agent: We are investigating the issue.
Agent: Root cause identified as Permission misconfiguration.
Agent: Resolution applied – Cleared distributed cache and forced cache rebuild.",2024-05-28T00:00:00
INC00069,"User: I am facing an issue in the Inventory module.
Agent: Can you describe the problem?
User: Warehouse related issue in Inventory module.
Agent: We are investigating the issue.
Agent: Root cause identified as Incorrect configuration parameter.
Agent: Resolution applied – Restarted affected microservice and validated health checks.",2024-02-08T00:00:00
INC00070,"User: I am facing an issue in the Inventory module.
Agent: Can you describe the problem?
User: Sku related issue in Inventory module.
Agent: We are investigating the issue.
Agent: Root cause identified as Downstream API timeout.
Agent: Resolution applied – Applied configuration fix and redeployed service.",2024-02-27T00:00:00
INC00071,"User: I am facing an issue in the Shipping module.
Agent: Can you describe the problem?
User: Dispatch related issue in Shipping module.
Agent: We are investigating the issue.
Agent: Root cause identified as Null value in database column.
Agent: Resolution applied – Retried failed API calls with increased timeout.",2024-01-02T00:00:00
INC00072,"User: I am facing an issue in the Login module.
Agent: Can you describe the problem?
User: Sso related issue in Login module.
Agent: We are investigating the issue.
Agent: Root cause identified as Network latency spike.
Agent: Resolution applied – Corrected payload schema and redeployed integration.",2024-06-10T00:00:00
INC00073,"User: I am facing an issue in the OrderMgmt module.
Agent: Can you describe the problem?
User: Status related issue in OrderMgmt module.
Agent: We are investigating the issue.
Agent: Root cause identified as Stale cache entry after deployment.
Agent: Resolution applied – Restarted affected microservice and validated health checks.",2024-01-07T00:00:00
INC00074,"User: I am facing an issue in the Payments module.
Agent: Can you describe the problem?
User: Callback related issue in Payments module.
Agent: We are investigating the issue.
Agent: Root cause identified as Schema mismatch in payload.
Agent: Resolution applied – Updated missing database records using corrective SQL script.",2024-07-03T00:00:00
INC00075,"User: I am facing an issue in the Payments module.
Agent: Can you describe the problem?
User: Timeout related issue in Payments module.
Agent: We are investigating the issue.
Agent: Root cause identified as Missing reference data.
Agent: Resolution applied – Retried failed API calls with increased timeout.",2024-05-07T00:00:00
INC00076,"User: I am facing an issue in the Analytics module.
Agent: Can you describe the problem?
User: Dashboard related issue in Analytics module.
Agent: We are investigating the issue.
Agent: Root cause identified as Schema mismatch in payload.
Agent: Resolution applied – Cleared distributed cache and forced cache rebuild.",2024-07-23T00:00:00
INC00077,"User: I am facing an issue in the Billing module.
Agent: Can you describe the problem?
User: Discount related issue in Billing module.
Agent: We are investigating the issue.
Agent: Root cause identified as Permission misconfiguration.
Agent: Resolution applied – Retried failed API calls with increased timeout.",2024-05-26T00:00:00
INC00078,"User: I am facing an issue in the Login module.
Agent: Can you describe the problem?
User: Sso related issue in Login module.
Agent: We are investigating the issue.
Agent: Root cause identified as Schema mismatch in payload.
Agent: Resolution applied – Reprocessed failed data through batch job.",2024-05-24T00:00:00
INC00079,"User: I am facing an issue in the Inventory module.
Agent: Can you describe the problem?
User: Warehouse related issue in Inventory module.
Agent: We are investigating the issue.
Agent: Root cause identified as Incorrect configuration parameter.
Agent: Resolution applied – Applied configuration fix and redeployed service.",2024-09-04T00:00:00
INC00080,"User: I am facing an issue in the Login module.
Agent: Can you describe the problem?
User: Authentication related issue in Login module.
Agent: We are investigating the issue.
Agent: Root cause identified as Incorrect configuration parameter.
Agent: Resolution applied – Granted missing role permissions to affected users.",2024-10-08T00:00:00
INC00081,"User: I am facing an issue in the CRM module.
Agent: Can you describe the problem?
User: Profile related issue in CRM module.
Agent: We are investigating the issue.
Agent: Root cause identified as Incorrect configuration parameter.
Agent: Resolution applied – Restarted affected microservice and validated health checks.",2024-02-16T00:00:00
INC00082,"User: I am facing an issue in the OrderMgmt module.
Agent: Can you describe the problem?
User: Checkout related issue in OrderMgmt module.
Agent: We are investigating the issue.
Agent: Root cause identified as Network latency spike.
Agent: Resolution applied – Applied configuration fix and redeployed service.",2024-10-18T00:00:00
INC00083,"User: I am facing an issue in the CRM module.
Agent: Can you describe the problem?
User: Permissions related issue in CRM module.
Agent: We are investigating the issue.
Agent: Root cause identified as Incorrect configuration parameter.
Agent: Resolution applied – Corrected payload schema and redeployed integration.",2024-05-18T00:00:00
INC00084,"User: I am facing an issue in the OrderMgmt module.
Agent: Can you describe the problem?
User: Checkout related issue in OrderMgmt module.
Agent: We are investigating the issue.
Agent: Root cause identified as Incorrect configuration parameter.
Agent: Resolution applied – Updated missing database records using corrective SQL script.",2024-05-18T00:00:00
INC00085,"User: I am facing an issue in the Shipping module.
Agent: Can you describe the problem?
User: Dispatch related issue in Shipping module.
Agent: We are investigating the issue.
Agent: Root cause identified as Missing reference data.
Agent: Resolution applied – Cleared distributed cache and forced cache rebuild.",2024-03-06T00:00:00
INC00086,"User: I am facing an issue in the Shipping module.
Agent: Can you describe the problem?
User: Carrier related issue in Shipping module.
Agent: We are investigating the issue.
Agent: Root cause identified as Stale cache entry after deployment.
Agent: Resolution applied – Corrected payload schema and redeployed integration.",2024-09-27T00:00:00
INC00087,"User: I am facing an issue in the Analytics module.
Agent: Can you describe the problem?
User: Etl related issue in Analytics module.
Agent: We are investigating the issue.
Agent: Root cause identified as Downstream API timeout.
Agent: Resolution applied – Updated missing database records using corrective SQL script.",2024-08-22T00:00:00
INC00088,"User: I am facing an issue in the Analytics module.
Agent: Can you describe the problem?
User: Report related issue in Analytics module.
Agent: We are investigating the issue.
Agent: Root cause identified as Missing reference data.
Agent: Resolution applied – Retried failed API calls with increased timeout.",2024-05-08T00:00:00
INC00089,"User: I am facing an issue in the Payments module.
Agent: Can you describe the problem?
User: Timeout related issue in Payments module.
Agent: We are investigating the issue.
Agent: Root cause identified as Missing reference data.
Agent: Resolution applied – Restarted affected microservice and validated health checks.",2024-07-17T00:00:00
INC00090,"User: I am facing an issue in the Billing module.
Agent: Can you describe the problem?
User: Pricing related issue in Billing module.
Agent: We are investigating the issue.
Agent: Root cause identified as Permission misconfiguration.
Agent: Resolution applied – Applied configuration fix and redeployed service.",2024-06-10T00:00:00
INC00091,"User: I am facing an issue in the Analytics module.
Agent: Can you describe the problem?
User: Etl related issue in Analytics module.
Agent: We are investigating the issue.
Agent: Root cause identified as Null value in database column.
Agent: Resolution applied – Corrected payload schema and redeployed integration.",2024-06-06T00:00:00
INC00092,"User: I am facing an issue in the CRM module.
Agent: Can you describe the problem?
User: Customer related issue in CRM module.
Agent: We are investigating the issue.
Agent: Root cause identified as Missing reference data.
Agent: Resolution applied – Restarted affected microservice and validated health checks.",2024-08-05T00:00:00
INC00093,"User: I am facing an issue in the OrderMgmt module.
Agent: Can you describe the problem?
User: Status related issue in OrderMgmt module.
Agent: We are investigating the issue.
Agent: Root cause identified as Network latency spike.
Agent: Resolution applied – Corrected payload schema and redeployed integration.",2024-04-11T00:00:00
INC00094,"User: I am facing an issue in the Payments module.
Agent: Can you describe the problem?
User: Gateway related issue in Payments module.
Agent: We are investigating the issue.
Agent: Root cause identified as Permission misconfiguration.
Agent: Resolution applied – Restarted affected microservice and validated health checks.",2024-06-08T00:00:00
INC00095,"User: I am facing an issue in the Inventory module.
Agent: Can you describe the problem?
User: Sku related issue in Inventory module.
Agent: We are investigating the issue.
Agent: Root cause identified as Stale cache entry after deployment.
Agent: Resolution applied – Granted missing role permissions to affected users.",2024-04-05T00:00:00
INC00096,"User: I am facing an issue in the Billing module.
Agent: Can you describe the problem?
User: Tax related issue in Billing module.
Agent: We are investigating the issue.
Agent: Root cause identified as Schema mismatch in payload.
Agent: Resolution applied – Cleared distributed cache and forced cache rebuild.",2024-04-19T00:00:00
INC00097,"User: I am facing an issue in the Billing module.
Agent: Can you describe the problem?
User: Tax related issue in Billing module.
Agent: We are investigating the issue.
Agent: Root cause identified as Schema mismatch in payload.
Agent: Resolution applied – Granted missing role permissions to affected users.",2024-06-09T00:00:00
INC00098,"User: I am facing an issue in the OrderMgmt module.
Agent: Can you describe the problem?
User: Checkout related issue in OrderMgmt module.
Agent: We are investigating the issue.
Agent: Root cause identified as Downstream API timeout.
Agent: Resolution applied – Granted missing role permissions to affected users.",2024-01-17T00:00:00
INC00099,"User: I am facing an issue in the Shipping module.
Agent: Can you describe the problem?
User: Tracking related issue in Shipping module.
Agent: We are investigating the issue.
Agent: Root cause identified as Stale cache entry after deployment.
Agent: Resolution applied – Cleared distributed cache and forced cache rebuild.",2024-02-10T00:00:00
INC00100,"User: I am facing an issue in the Payments module.
Agent: Can you describe the problem?
User: Gateway related issue in Payments module.
Agent: We are investigating the issue.
Agent: Root cause identified as Schema mismatch in payload.
Agent: Resolution applied – Reprocessed failed data through batch job.",2024-06-07T00:00:00
INC00101,"User: I am facing an issue in the Shipping module.
Agent: Can you describe the problem?
User: Tracking related issue in Shipping module.
Agent: We are investigating the issue.
Agent: Root cause identified as Network latency spike.
Agent: Resolution applied – Granted missing role permissions to affected users.",2024-04-08T00:00:00
INC00102,"User: I am facing an issue in the Billing module.
Agent: Can you describe the problem?
User: Discount related issue in Billing module.
Agent: We are investigating the issue.
Agent: Root cause identified as Incorrect configuration parameter.
Agent: Resolution applied – Corrected payload schema and redeployed integration.",2024-01-21T00:00:00
INC00103,"User: I am facing an issue in the Billing module.
Agent: Can you describe the problem?
User: Pricing related issue in Billing module.
Agent: We are investigating the issue.
Agent: Root cause identified as Incorrect configuration parameter.
Agent: Resolution applied – Updated missing database records using corrective SQL script.",2024-06-22T00:00:00
INC00104,"User: I am facing an issue in the Billing module.
Agent: Can you describe the problem?
User: Pricing related issue in Billing module.
Agent: We are investigating the issue.
Agent: Root cause identified as Network latency spike.
Agent: Resolution applied – Applied configuration fix and redeployed service.",2024-06-01T00:00:00
INC00105,"User: I am facing an issue in the Payments module.
Agent: Can you describe the problem?
User: Callback related issue in Payments module.
Agent: We are investigating the issue.
Agent: Root cause identified as Permission misconfiguration.
Agent: Resolution applied – Corrected payload schema and redeployed integration.",2024-05-08T00:00:00
INC00106,"User: I am facing an issue in the Login module.
Agent: Can you describe the problem?
User: Authentication related issue in Login module.
Agent: We are investigating the issue.
Agent: Root cause identified as Missing reference data.
Agent: Resolution applied – Retried failed API calls with increased timeout.",2024-04-30T00:00:00
INC00107,"User: I am facing an issue in the Payments module.
Agent: Can you describe the problem?
User: Gateway related issue in Payments module.
Agent: We are investigating the issue.
Agent: Root cause identified as Schema mismatch in payload.
Agent: Resolution applied – Retried failed API calls with increased timeout.",2024-05-06T00:00:00
INC00108,"User: I am facing an issue in the Shipping module.
Agent: Can you describe the problem?
User: Label related issue in Shipping module.
Agent: We are investigating the issue.
Agent: Root cause identified as Downstream API timeout.
Agent: Resolution applied – Corrected payload schema and redeployed integration.",2024-02-23T00:00:00
INC00109,"User: I am facing an issue in the Analytics module.
Agent: Can you describe the problem?
User: Report related issue in Analytics module.
Agent: We are investigating the issue.
Agent: Root cause identified as Schema mismatch in payload.
Agent: Resolution applied – Granted missing role permissions to affected users.",2024-08-16T00:00:00
INC00110,"User: I am facing an issue in the Shipping module.
Agent: Can you describe the problem?
User: Tracking related issue in Shipping module.
Agent: We are investigating the issue.
Agent: Root cause identified as Stale cache entry after deployment.
Agent: Resolution applied – Applied configuration fix and redeployed service.",2024-05-30T00:00:00
INC00111,"User: I am facing an issue in the Inventory module.
Agent: Can you describe the problem?
User: Sync related issue in Inventory module.
Agent: We are investigating the issue.
Agent: Root cause identified as Permission misconfiguration.
Agent: Resolution applied – Restarted affected microservice and validated health checks.",2024-04-05T00:00:00
INC00112,"User: I am facing an issue in the Analytics module.
Agent: Can you describe the problem?
User: Dashboard related issue in Analytics module.
Agent: We are investigating the issue.
Agent: Root cause identified as Stale cache entry after deployment.
Agent: Resolution applied – Corrected payload schema and redeployed integration.",2024-05-08T00:00:00
INC00113,"User: I am facing an issue in the Shipping module.
Agent: Can you describe the problem?
User: Carrier related issue in Shipping module.
Agent: We are investigating the issue.
Agent: Root cause identified as Stale cache entry after deployment.
Agent: Resolution applied – Cleared distributed cache and forced cache rebuild.",2024-08-31T00:00:00
INC00114,"User: I am facing an issue in the Inventory module.
Agent: Can you describe the problem?
User: Sync related issue in Inventory module.
Agent: We are investigating the issue.
Agent: Root cause identified as Stale cache entry after deployment.
Agent: Resolution applied – Cleared distributed cache and forced cache rebuild.",2024-04-07T00:00:00
INC00115,"User: I am facing an issue in the Login module.
Agent: Can you describe the problem?
User: Sso related issue in Login module.
Agent: We are investigating the issue.
Agent: Root cause identified as Missing reference data.
Agent: Resolution applied – Cleared distributed cache and forced cache rebuild.",2024-02-24T00:00:00
INC00116,"User: I am facing an issue in the OrderMgmt module.
Agent: Can you describe the problem?
User: Fulfillment related issue in OrderMgmt module.
Agent: We are investigating the issue.
Agent: Root cause identified as Downstream API timeout.
Agent: Resolution applied – Cleared distributed cache and forced cache rebuild.",2024-04-14T00:00:00
INC00117,"User: I am facing an issue in the Analytics module.
Agent: Can you describe the problem?
User: Report related issue in Analytics module.
Agent: We are investigating the issue.
Agent: Root cause identified as Network latency spike.
Agent: Resolution applied – Corrected payload schema and redeployed integration.",2024-07-09T00:00:00
INC00118,"User: I am facing an issue in the Billing module.
Agent: Can you describe the problem?
User: Discount related issue in Billing module.
Agent: We are investigating the issue.
Agent: Root cause identified as Permission misconfiguration.
Agent: Resolution applied – Updated missing database records using corrective SQL script.",2024-07-27T00:00:00
INC00119,"User: I am facing an issue in the Login module.
Agent: Can you describe the problem?
User: Authentication related issue in Login module.
Agent: We are investigating the issue.
Agent: Root cause identified as Downstream API timeout.
Agent: Resolution applied – Corrected payload schema and redeployed integration.",2024-05-18T00:00:00
INC00120,"User: I am facing an issue in the CRM module.
Agent: Can you describe the problem?
User: Customer related issue in CRM module.
Agent: We are investigating the issue.
Agent: Root cause identified as Missing reference data.
Agent: Resolution applied – Reprocessed failed data through batch job.",2024-07-31T00:00:00
INC00121,"User: I am facing an issue in the Analytics module.
Agent: Can you describe the problem?
User: Refresh related issue in Analytics module.
Agent: We are investigating the issue.
Agent: Root cause identified as Schema mismatch in payload.
Agent: Resolution applied – Restarted affected microservice and validated health checks.",2024-01-04T00:00:00
INC00122,"User: I am facing an issue in the Payments module.
Agent: Can you describe the problem?
User: Callback related issue in Payments module.
Agent: We are investigating the issue.
Agent: Root cause identified as Network latency spike.
Agent: Resolution applied – Granted missing role permissions to affected users.",2024-03-24T00:00:00
INC00123,"User: I am facing an issue in the Login module.
Agent: Can you describe the problem?
User: Sso related issue in Login module.
Agent: We are investigating the issue.
Agent: Root cause identified as Stale cache entry after deployment.
Agent: Resolution applied – Reprocessed failed data through batch job.",2024-09-15T00:00:00
INC00124,"User: I am facing an issue in the Login module.
Agent: Can you describe the problem?
User: Session related issue in Login module.
Agent: We are investigating the issue.
Agent: Root cause identified as Stale cache entry after deployment.
Agent: Resolution applied – Updated missing database records using corrective SQL script.",2024-07-15T00:00:00
INC00125,"User: I am facing an issue in the Billing module.
Agent: Can you describe the problem?
User: Discount related issue in Billing module.
Agent: We are investigating the issue.
Agent: Root cause identified as Network latency spike.
Agent: Resolution applied – Cleared distributed cache and forced cache rebuild.",2024-07-17T00:00:00
INC00126,"User: I am facing an issue in the CRM module.
Agent: Can you describe the problem?
User: Profile related issue in CRM module.
Agent: We are investigating the issue.
Agent: Root cause identified as Permission misconfiguration.
Agent: Resolution applied – Retried failed API calls with increased timeout.",2024-10-16T00:00:00
INC00127,"User: I am facing an issue in the Login module.
Agent: Can you describe the problem?
User: Sso related issue in Login module.
Agent: We are investigating the issue.
Agent: Root cause identified as Network latency spike.
Agent: Resolution applied – Updated missing database records using corrective SQL script.",2024-03-17T00:00:00
INC00128,"User: I am facing an issue in the Billing module.
Agent: Can you describe the problem?
User: Pricing related issue in Billing module.
Agent: We are investigating the issue.
Agent: Root cause identified as Stale cache entry after deployment.
Agent: Resolution applied – Corrected payload schema and redeployed integration.",2024-08-21T00:00:00
INC00129,"User: I am facing an issue in the Inventory module.
Agent: Can you describe the problem?
User: Sync related issue in Inventory module.
Agent: We are investigating the issue.
Agent: Root cause identified as Schema mismatch in payload.
Agent: Resolution applied – Corrected payload schema and redeployed integration.",2024-07-07T00:00:00
INC00130,"User: I am facing an issue in the Billing module.
Agent: Can you describe the problem?
User: Discount related issue in Billing module.
Agent: We are investigating the issue.
Agent: Root cause identified as Permission misconfiguration.
Agent: Resolution applied – Restarted affected microservice and validated health checks.",2024-08-16T00:00:00
INC00131,"User: I am facing an issue in the CRM module.
Agent: Can you describe the problem?
User: Customer related issue in CRM module.
Agent: We are investigating the issue.
Agent: Root cause identified as Stale cache entry after deployment.
Agent: Resolution applied – Retried failed API calls with increased timeout.",2024-07-02T00:00:00
INC00132,"User: I am facing an issue in the Billing module.
Agent: Can you describe the problem?
User: Invoice related issue in Billing module.
Agent: We are investigating the issue.
Agent: Root cause identified as Downstream API timeout.
Agent: Resolution applied – Updated missing database records using corrective SQL script.",2024-06-09T00:00:00
INC00133,"User: I am facing an issue in the CRM module.
Agent: Can you describe the problem?
User: Profile related issue in CRM module.
Agent: We are investigating the issue.
Agent: Root cause identified as Null value in database column.
Agent: Resolution applied – Updated missing database records using corrective SQL script.",2024-02-26T00:00:00
INC00134,"User: I am facing an issue in the Login module.
Agent: Can you describe the problem?
User: Session related issue in Login module.
Agent: We are investigating the issue.
Agent: Root cause identified as Stale cache entry after deployment.
Agent: Resolution applied – Reprocessed failed data through batch job.",2024-05-09T00:00:00
INC00135,"User: I am facing an issue in the Shipping module.
Agent: Can you describe the problem?
User: Tracking related issue in Shipping module.
Agent: We are investigating the issue.
Agent: Root cause identified as Missing reference data.
Agent: Resolution applied – Granted missing role permissions to affected users.",2024-04-16T00:00:00
INC00136,"User: I am facing an issue in the Analytics module.
Agent: Can you describe the problem?
User: Dashboard related issue in Analytics module.
Agent: We are investigating the issue.
Agent: Root cause identified as Network latency spike.
Agent: Resolution applied – Cleared distributed cache and forced cache rebuild.",2024-04-11T00:00:00
INC00137,"User: I am facing an issue in the Inventory module.
Agent: Can you describe the problem?
User: Sku related issue in Inventory module.
Agent: We are investigating the issue.
Agent: Root cause identified as Schema mismatch in payload.
Agent: Resolution applied – Retried failed API calls with increased timeout.",2024-05-15T00:00:00
INC00138,"User: I am facing an issue in the Shipping module.
Agent: Can you describe the problem?
User: Carrier related issue in Shipping module.
Agent: We are investigating the issue.
Agent: Root cause identified as Missing reference data.
Agent: Resolution applied – Corrected payload schema and redeployed integration.",2024-07-09T00:00:00
INC00139,"User: I am facing an issue in the Login module.
Agent: Can you describe the problem?
User: Password related issue in Login module.
Agent: We are investigating the issue.
Agent: Root cause identified as Network latency spike.
Agent: Resolution applied – Updated missing database records using corrective SQL script.",2024-08-14T00:00:00
INC00140,"User: I am facing an issue in the Billing module.
Agent: Can you describe the problem?
User: Pricing related issue in Billing module.
Agent: We are investigating the issue.
Agent: Root cause identified as Missing reference data.
Agent: Resolution applied – Applied configuration fix and redeployed service.",2024-10-26T00:00:00
INC00141,"User: I am facing an issue in the Billing module.
Agent: Can you describe the problem?
User: Tax related issue in Billing module.
Agent: We are investigating the issue.
Agent: Root cause identified as Downstream API timeout.
Agent: Resolution applied – Applied configuration fix and redeployed service.",2024-08-09T00:00:00
INC00142,"User: I am facing an issue in the Shipping module.
Agent: Can you describe the problem?
User: Tracking related issue in Shipping module.
Agent: We are investigating the issue.
Agent: Root cause identified as Null value in database column.
Agent: Resolution applied – Cleared distributed cache and forced cache rebuild.",2024-01-28T00:00:00
INC00143,"User: I am facing an issue in the OrderMgmt module.
Agent: Can you describe the problem?
User: Checkout related issue in OrderMgmt module.
Agent: We are investigating the issue.
Agent: Root cause identified as Schema mismatch in payload.
Agent: Resolution applied – Applied configuration fix and redeployed service.",2024-03-09T00:00:00
INC00144,"User: I am facing an issue in the Login module.
Agent: Can you describe the problem?
User: Session related issue in Login module.
Agent: We are investigating the issue.
Agent: Root cause identified as Null value in database column.
Agent: Resolution applied – Restarted affected microservice and validated health checks.",2024-03-17T00:00:00
INC00145,"User: I am facing an issue in the Login module.
Agent: Can you describe the problem?
User: Password related issue in Login module.
Agent: We are investigating the issue.
Agent: Root cause identified as Schema mismatch in payload.
Agent: Resolution applied – Applied configuration fix and redeployed service.",2024-01-06T00:00:00
INC00146,"User: I am facing an issue in the Shipping module.
Agent: Can you describe the problem?
User: Dispatch related issue in Shipping module.
Agent: We are investigating the issue.
Agent: Root cause identified as Incorrect configuration parameter.
Agent: Resolution applied – Retried failed API calls with increased timeout.",2024-01-01T00:00:00
INC00147,"User: I am facing an issue in the CRM module.
Agent: Can you describe the problem?
User: Profile related issue in CRM module.
Agent: We are investigating the issue.
Agent: Root cause identified as Incorrect configuration parameter.
Agent: Resolution applied – Retried failed API calls with increased timeout.",2024-01-30T00:00:00
INC00148,"User: I am facing an issue in the Analytics module.
Agent: Can you describe the problem?
User: Etl related issue in Analytics module.
Agent: We are investigating the issue.
Agent: Root cause identified as Schema mismatch in payload.
Agent: Resolution applied – Restarted affected microservice and validated health checks.",2024-09-22T00:00:00
INC00149,"User: I am facing an issue in the Inventory module.
Agent: Can you describe the problem?
User: Stock related issue in Inventory module.
Agent: We are investigating the issue.
Agent: Root cause identified as Missing reference data.
Agent: Resolution applied – Cleared distributed cache and forced cache rebuild.",2024-09-01T00:00:00
INC00150,"User: I am facing an issue in the Shipping module.
Agent: Can you describe the problem?
User: Carrier related issue in Shipping module.
Agent: We are investigating the issue.
Agent: Root cause identified as Permission misconfiguration.
Agent: Resolution applied – Retried failed API calls with increased timeout.",2024-04-25T00:00:00
INC00151,"User: I am facing an issue in the Billing module.
Agent: Can you describe the problem?
User: Invoice related issue in Billing module.
Agent: We are investigating the issue.
Agent: Root cause identified as Network latency spike.
Agent: Resolution applied – Applied configuration fix and redeployed service.",2024-01-27T00:00:00
INC00152,"User: I am facing an issue in the Inventory module.
Agent: Can you describe the problem?
User: Sku related issue in Inventory module.
Agent: We are investigating the issue.
Agent: Root cause identified as Incorrect configuration parameter.
Agent: Resolution applied – Updated missing database records using corrective SQL script.",2024-09-16T00:00:00
INC00153,"User: I am facing an issue in the Analytics module.
Agent: Can you describe the problem?
User: Etl related issue in Analytics module.
Agent: We are investigating the issue.
Agent: Root cause identified as Network latency spike.
Agent: Resolution applied – Restarted affected microservice and validated health checks.",2024-07-18T00:00:00
INC00154,"User: I am facing an issue in the Shipping module.
Agent: Can you describe the problem?
User: Dispatch related issue in Shipping module.
Agent: We are investigating the issue.
Agent: Root cause identified as Null value in database column.
Agent: Resolution applied – Cleared distributed cache and forced cache rebuild.",2024-08-11T00:00:00
INC00155,"User: I am facing an issue in the Analytics module.
Agent: Can you describe the problem?
User: Refresh related issue in Analytics module.
Agent: We are investigating the issue.
Agent: Root cause identified as Stale cache entry after deployment.
Agent: Resolution applied – Retried failed API calls with increased timeout.",2024-03-15T00:00:00
INC00156,"User: I am facing an issue in the Login module.
Agent: Can you describe the problem?
User: Password related issue in Login module.
Agent: We are investigating the issue.
Agent: Root cause identified as Downstream API timeout.
Agent: Resolution applied – Cleared distributed cache and forced cache rebuild.",2024-01-16T00:00:00
INC00157,"User: I am facing an issue in the Billing module.
Agent: Can you describe the problem?
User: Invoice related issue in Billing module.
Agent: We are investigating the issue.
Agent: Root cause identified as Null value in database column.
Agent: Resolution applied – Updated missing database records using corrective SQL script.",2024-07-05T00:00:00
INC00158,"User: I am facing an issue in the Payments module.
Agent: Can you describe the problem?
User: Gateway related issue in Payments module.
Agent: We are investigating the issue.
Agent: Root cause identified as Incorrect configuration parameter.
Agent: Resolution applied – Restarted affected microservice and validated health checks.",2024-02-27T00:00:00
INC00159,"User: I am facing an issue in the Inventory module.
Agent: Can you describe the problem?
User: Warehouse related issue in Inventory module.
Agent: We are investigating the issue.
Agent: Root cause identified as Stale cache entry after deployment.
Agent: Resolution applied – Retried failed API calls with increased timeout.",2024-02-20T00:00:00
INC00160,"User: I am facing an issue in the OrderMgmt module.
Agent: Can you describe the problem?
User: Status related issue in OrderMgmt module.
Agent: We are investigating the issue.
Agent: Root cause identified as Missing reference data.
Agent: Resolution applied – Cleared distributed cache and forced cache rebuild.",2024-06-28T00:00:00
INC00161,"User: I am facing an issue in the OrderMgmt module.
Agent: Can you describe the problem?
User: Fulfillment related issue in OrderMgmt module.
Agent: We are investigating the issue.
Agent: Root cause identified as Permission misconfiguration.
Agent: Resolution applied – Applied configuration fix and redeployed service.",2024-01-16T00:00:00
INC00162,"User: I am facing an issue in the Payments module.
Agent: Can you describe the problem?
User: Retry related issue in Payments module.
Agent: We are investigating the issue.
Agent: Root cause identified as Permission misconfiguration.
Agent: Resolution applied – Cleared distributed cache and forced cache rebuild.",2024-10-02T00:00:00
INC00163,"User: I am facing an issue in the Inventory module.
Agent: Can you describe the problem?
User: Sync related issue in Inventory module.
Agent: We are investigating the issue.
Agent: Root cause identified as Schema mismatch in payload.
Agent: Resolution applied – Cleared distributed cache and forced cache rebuild.",2024-09-25T00:00:00
INC00164,"User: I am facing an issue in the OrderMgmt module.
Agent: Can you describe the problem?
User: Status related issue in OrderMgmt module.
Agent: We are investigating the issue.
Agent: Root cause identified as Stale cache entry after deployment.
Agent: Resolution applied – Granted missing role permissions to affected users.",2024-04-04T00:00:00
INC00165,"User: I am facing an issue in the Login module.
Agent: Can you describe the problem?
User: Password related issue in Login module.
Agent: We are investigating the issue.
Agent: Root cause identified as Incorrect configuration parameter.
Agent: Resolution applied – Restarted affected microservice and validated health checks.",2024-09-12T00:00:00
INC00166,"User: I am facing an issue in the Shipping module.
Agent: Can you describe the problem?
User: Carrier related issue in Shipping module.
Agent: We are investigating the issue.
Agent: Root cause identified as Network latency spike.
Agent: Resolution applied – Reprocessed failed data through batch job.",2024-02-18T00:00:00
INC00167,"User: I am facing an issue in the CRM module.
Agent: Can you describe the problem?
User: Customer related issue in CRM module.
Agent: We are investigating the issue.
Agent: Root cause identified as Network latency spike.
Agent: Resolution applied – Restarted affected microservice and validated health checks.",2024-06-04T00:00:00
INC00168,"User: I am facing an issue in the Login module.
Agent: Can you describe the problem?
User: Sso related issue in Login module.
Agent: We are investigating the issue.
Agent: Root cause identified as Incorrect configuration parameter.
Agent: Resolution applied – Granted missing role permissions to affected users.",2024-03-05T00:00:00
INC00169,"User: I am facing an issue in the OrderMgmt module.
Agent: Can you describe the problem?
User: Checkout related issue in OrderMgmt module.
Agent: We are investigating the issue.
Agent: Root cause identified as Permission misconfiguration.
Agent: Resolution applied – Reprocessed failed data through batch job.",2024-03-27T00:00:00
INC00170,"User: I am facing an issue in the Analytics module.
Agent: Can you describe the problem?
User: Etl related issue in Analytics module.
Agent: We are investigating the issue.
Agent: Root cause identified as Network latency spike.
Agent: Resolution applied – Granted missing role permissions to affected users.",2024-05-01T00:00:00
INC00171,"User: I am facing an issue in the Login module.
Agent: Can you describe the problem?
User: Session related issue in Login module.
Agent: We are investigating the issue.
Agent: Root cause identified as Incorrect configuration parameter.
Agent: Resolution applied – Reprocessed failed data through batch job.",2024-09-24T00:00:00
INC00172,"User: I am facing an issue in the Analytics module.
Agent: Can you describe the problem?
User: Dashboard related issue in Analytics module.
Agent: We are investigating the issue.
Agent: Root cause identified as Stale cache entry after deployment.
Agent: Resolution applied – Retried failed API calls with increased timeout.",2024-02-22T00:00:00
INC00173,"User: I am facing an issue in the Inventory module.
Agent: Can you describe the problem?
User: Sku related issue in Inventory module.
Agent: We are investigating the issue.
Agent: Root cause identified as Schema mismatch in payload.
Agent: Resolution applied – Applied configuration fix and redeployed service.",2024-04-10T00:00:00
INC00174,"User: I am facing an issue in the CRM module.
Agent: Can you describe the problem?
User: Permissions related issue in CRM module.
Agent: We are investigating the issue.
Agent: Root cause identified as Null value in database column.
Agent: Resolution applied – Cleared distributed cache and forced cache rebuild.",2024-07-23T00:00:00
INC00175,"User: I am facing an issue in the Inventory module.
Agent: Can you describe the problem?
User: Warehouse related issue in Inventory module.
Agent: We are investigating the issue.
Agent: Root cause identified as Null value in database column.
Agent: Resolution applied – Retried failed API calls with increased timeout.",2024-05-11T00:00:00
INC00176,"User: I am facing an issue in the Analytics module.
Agent: Can you describe the problem?
User: Refresh related issue in Analytics module.
Agent: We are investigating the issue.
Agent: Root cause identified as Schema mismatch in payload.
Agent: Resolution applied – Restarted affected microservice and validated health checks.",2024-10-25T00:00:00
INC00177,"User: I am facing an issue in the Shipping module.
Agent: Can you describe the problem?
User: Dispatch related issue in Shipping module.
Agent: We are investigating the issue.
Agent: Root cause identified as Network latency spike.
Agent: Resolution applied – Applied configuration fix and redeployed service.",2024-02-20T00:00:00
INC00178,"User: I am facing an issue in the Login module.
Agent: Can you describe the problem?
User: Password related issue in Login module.
Agent: We are investigating the issue.
Agent: Root cause identified as Schema mismatch in payload.
Agent: Resolution applied – Granted missing role permissions to affected users.",2024-08-21T00:00:00
INC00179,"User: I am facing an issue in the Login module.
Agent: Can you describe the problem?
User: Password related issue in Login module.
Agent: We are investigating the issue.
Agent: Root cause identified as Null value in database column.
Agent: Resolution applied – Corrected payload schema and redeployed integration.",2024-09-07T00:00:00
INC00180,"User: I am facing an issue in the Analytics module.
Agent: Can you describe the problem?
User: Etl related issue in Analytics module.
Agent: We are investigating the issue.
Agent: Root cause identified as Incorrect configuration parameter.
Agent: Resolution applied – Reprocessed failed data through batch job.",2024-02-21T00:00:00
INC00181,"User: I am facing an issue in the Shipping module.
Agent: Can you describe the problem?
User: Carrier related issue in Shipping module.
Agent: We are investigating the issue.
Agent: Root cause identified as Network latency spike.
Agent: Resolution applied – Reprocessed failed data through batch job.",2024-07-29T00:00:00
INC00182,"User: I am facing an issue in the Login module.
Agent: Can you describe the problem?
User: Sso related issue in Login module.
Agent: We are investigating the issue.
Agent: Root cause identified as Stale cache entry after deployment.
Agent: Resolution applied – Reprocessed failed data through batch job.",2024-01-29T00:00:00
INC00183,"User: I am facing an issue in the Billing module.
Agent: Can you describe the problem?
User: Invoice related issue in Billing module.
Agent: We are investigating the issue.
Agent: Root cause identified as Stale cache entry after deployment.
Agent: Resolution applied – Corrected payload schema and redeployed integration.",2024-08-03T00:00:00
INC00184,"User: I am facing an issue in the Payments module.
Agent: Can you describe the problem?
User: Gateway related issue in Payments module.
Agent: We are investigating the issue.
Agent: Root cause identified as Missing reference data.
Agent: Resolution applied – Corrected payload schema and redeployed integration.",2024-09-26T00:00:00
INC00185,"User: I am facing an issue in the Login module.
Agent: Can you describe the problem?
User: Session related issue in Login module.
Agent: We are investigating the issue.
Agent: Root cause identified as Stale cache entry after deployment.
Agent: Resolution applied – Restarted affected microservice and validated health checks.",2024-08-28T00:00:00
INC00186,"User: I am facing an issue in the CRM module.
Agent: Can you describe the problem?
User: Permissions related issue in CRM module.
Agent: We are investigating the issue.
Agent: Root cause identified as Missing reference data.
Agent: Resolution applied – Retried failed API calls with increased timeout.",2024-08-28T00:00:00
INC00187,"User: I am facing an issue in the CRM module.
Agent: Can you describe the problem?
User: Update related issue in CRM module.
Agent: We are investigating the issue.
Agent: Root cause identified as Schema mismatch in payload.
Agent: Resolution applied – Retried failed API calls with increased timeout.",2024-09-03T00:00:00
INC00188,"User: I am facing an issue in the Inventory module.
Agent: Can you describe the problem?
User: Sku related issue in Inventory module.
Agent: We are investigating the issue.
Agent: Root cause identified as Permission misconfiguration.
Agent: Resolution applied – Granted missing role permissions to affected users.",2024-08-07T00:00:00
INC00189,"User: I am facing an issue in the Login module.
Agent: Can you describe the problem?
User: Password related issue in Login module.
Agent: We are investigating the issue.
Agent: Root cause identified as Schema mismatch in payload.
Agent: Resolution applied – Cleared distributed cache and forced cache rebuild.",2024-02-13T00:00:00
INC00190,"User: I am facing an issue in the OrderMgmt module.
Agent: Can you describe the problem?
User: Order related issue in OrderMgmt module.
Agent: We are investigating the issue.
Agent: Root cause identified as Null value in database column.
Agent: Resolution applied – Restarted affected microservice and validated health checks.",2024-02-06T00:00:00
INC00191,"User: I am facing an issue in the Payments module.
Agent: Can you describe the problem?
User: Gateway related issue in Payments module.
Agent: We are investigating the issue.
Agent: Root cause identified as Incorrect configuration parameter.
Agent: Resolution applied – Retried failed API calls with increased timeout.",2024-08-19T00:00:00
INC00192,"User: I am facing an issue in the Login module.
Agent: Can you describe the problem?
User: Authentication related issue in Login module.
Agent: We are investigating the issue.
Agent: Root cause identified as Missing reference data.
Agent: Resolution applied – Restarted affected microservice and validated health checks.",2024-09-10T00:00:00
INC00193,"User: I am facing an issue in the Shipping module.
Agent: Can you describe the problem?
User: Carrier related issue in Shipping module.
Agent: We are investigating the issue.
Agent: Root cause identified as Stale cache entry after deployment.
Agent: Resolution applied – Applied configuration fix and redeployed service.",2024-08-02T00:00:00
INC00194,"User: I am facing an issue in the Billing module.
Agent: Can you describe the problem?
User: Discount related issue in Billing module.
Agent: We are investigating the issue.
Agent: Root cause identified as Permission misconfiguration.
Agent: Resolution applied – Retried failed API calls with increased timeout.",2024-09-08T00:00:00
INC00195,"User: I am facing an issue in the Billing module.
Agent: Can you describe the problem?
User: Tax related issue in Billing module.
Agent: We are investigating the issue.
Agent: Root cause identified as Network latency spike.
Agent: Resolution applied – Granted missing role permissions to affected users.",2024-10-15T00:00:00
INC00196,"User: I am facing an issue in the CRM module.
Agent: Can you describe the problem?
User: Permissions related issue in CRM module.
Agent: We are investigating the issue.
Agent: Root cause identified as Stale cache entry after deployment.
Agent: Resolution applied – Retried failed API calls with increased timeout.",2024-07-03T00:00:00
INC00197,"User: I am facing an issue in the Billing module.
Agent: Can you describe the problem?
User: Pricing related issue in Billing module.
Agent: We are investigating the issue.
Agent: Root cause identified as Stale cache entry after deployment.
Agent: Resolution applied – Granted missing role permissions to affected users.",2024-09-05T00:00:00
INC00198,"User: I am facing an issue in the CRM module.
Agent: Can you describe the problem?
User: Profile related issue in CRM module.
Agent: We are investigating the issue.
Agent: Root cause identified as Network latency spike.
Agent: Resolution applied – Updated missing database records using corrective SQL script.",2024-07-06T00:00:00
INC00199,"User: I am facing an issue in the Analytics module.
Agent: Can you describe the problem?
User: Dashboard related issue in Analytics module.
Agent: We are investigating the issue.
Agent: Root cause identified as Schema mismatch in payload.
Agent: Resolution applied – Reprocessed failed data through batch job.",2024-08-04T00:00:00
INC00200,"User: I am facing an issue in the OrderMgmt module.
Agent: Can you describe the problem?
User: Status related issue in OrderMgmt module.
Agent: We are investigating the issue.
Agent: Root cause identified as Schema mismatch in payload.
Agent: Resolution applied – Reprocessed failed data through batch job.",2024-09-14T00:00:00
INC00201,"User: I am facing an issue in the Shipping module.
Agent: Can you describe the problem?
User: Carrier related issue in Shipping module.
Agent: We are investigating the issue.
Agent: Root cause identified as Network latency spike.
Agent: Resolution applied – Restarted affected microservice and validated health checks.",2024-06-11T00:00:00
INC00202,"User: I am facing an issue in the Payments module.
Agent: Can you describe the problem?
User: Timeout related issue in Payments module.
Agent: We are investigating the issue.
Agent: Root cause identified as Schema mismatch in payload.
Agent: Resolution applied – Corrected payload schema and redeployed integration.",2024-10-06T00:00:00
INC00203,"User: I am facing an issue in the Payments module.
Agent: Can you describe the problem?
User: Timeout related issue in Payments module.
Agent: We are investigating the issue.
Agent: Root cause identified as Null value in database column.
Agent: Resolution applied – Restarted affected microservice and validated health checks.",2024-08-31T00:00:00
INC00204,"User: I am facing an issue in the CRM module.
Agent: Can you describe the problem?
User: Profile related issue in CRM module.
Agent: We are investigating the issue.
Agent: Root cause identified as Stale cache entry after deployment.
Agent: Resolution applied – Restarted affected microservice and validated health checks.",2024-01-21T00:00:00
INC00205,"User: I am facing an issue in the Payments module.
Agent: Can you describe the problem?
User: Gateway related issue in Payments module.
Agent: We are investigating the issue.
Agent: Root cause identified as Null value in database column.
Agent: Resolution applied – Corrected payload schema and redeployed integration.",2024-02-21T00:00:00
INC00206,"User: I am facing an issue in the Inventory module.
Agent: Can you describe the problem?
User: Sku related issue in Inventory module.
Agent: We are investigating the issue.
Agent: Root cause identified as Missing reference data.
Agent: Resolution applied – Retried failed API calls with increased timeout.",2024-08-03T00:00:00
INC00207,"User: I am facing an issue in the Billing module.
Agent: Can you describe the problem?
User: Discount related issue in Billing module.
Agent: We are investigating the issue.
Agent: Root cause identified as Null value in database column.
Agent: Resolution applied – Updated missing database records using corrective SQL script.",2024-08-03T00:00:00
INC00208,"User: I am facing an issue in the Billing module.
Agent: Can you describe the problem?
User: Discount related issue in Billing module.
Agent: We are investigating the issue.
Agent: Root cause identified as Downstream API timeout.
Agent: Resolution applied – Granted missing role permissions to affected users.",2024-07-30T00:00:00
INC00209,"User: I am facing an issue in the Shipping module.
Agent: Can you describe the problem?
User: Tracking related issue in Shipping module.
Agent: We are investigating the issue.
Agent: Root cause identified as Downstream API timeout.
Agent: Resolution applied – Cleared distributed cache and forced cache rebuild.",2024-08-06T00:00:00
INC00210,"User: I am facing an issue in the Payments module.
Agent: Can you describe the problem?
User: Timeout related issue in Payments module.
Agent: We are investigating the issue.
Agent: Root cause identified as Incorrect configuration parameter.
Agent: Resolution applied – Updated missing database records using corrective SQL script.",2024-03-07T00:00:00
INC00211,"User: I am facing an issue in the Analytics module.
Agent: Can you describe the problem?
User: Refresh related issue in Analytics module.
Agent: We are investigating the issue.
Agent: Root cause identified as Downstream API timeout.
Agent: Resolution applied – Cleared distributed cache and forced cache rebuild.",2024-07-06T00:00:00
INC00212,"User: I am facing an issue in the Inventory module.
Agent: Can you describe the problem?
User: Warehouse related issue in Inventory module.
Agent: We are investigating the issue.
Agent: Root cause identified as Permission misconfiguration.
Agent: Resolution applied – Applied configuration fix and redeployed service.",2024-01-27T00:00:00
INC00213,"User: I am facing an issue in the Billing module.
Agent: Can you describe the problem?
User: Invoice related issue in Billing module.
Agent: We are investigating the issue.
Agent: Root cause identified as Schema mismatch in payload.
Agent: Resolution applied – Applied configuration fix and redeployed service.",2024-06-08T00:00:00
INC00214,"User: I am facing an issue in the Billing module.
Agent: Can you describe the problem?
User: Pricing related issue in Billing module.
Agent: We are investigating the issue.
Agent: Root cause identified as Network latency spike.
Agent: Resolution applied – Granted missing role permissions to affected users.",2024-08-28T00:00:00
INC00215,"User: I am facing an issue in the OrderMgmt module.
Agent: Can you describe the problem?
User: Checkout related issue in OrderMgmt module.
Agent: We are investigating the issue.
Agent: Root cause identified as Schema mismatch in payload.
Agent: Resolution applied – Granted missing role permissions to affected users.",2024-07-16T00:00:00
INC00216,"User: I am facing an issue in the Inventory module.
Agent: Can you describe the problem?
User: Sku related issue in Inventory module.
Agent: We are investigating the issue.
Agent: Root cause identified as Null value in database column.
Agent: Resolution applied – Reprocessed failed data through batch job.",2024-01-08T00:00:00
INC00217,"User: I am facing an issue in the Analytics module.
Agent: Can you describe the problem?
User: Refresh related issue in Analytics module.
Agent: We are investigating the issue.
Agent: Root cause identified as Schema mismatch in payload.
Agent: Resolution applied – Corrected payload schema and redeployed integration.",2024-04-29T00:00:00
INC00218,"User: I am facing an issue in the OrderMgmt module.
Agent: Can you describe the problem?
User: Fulfillment related issue in OrderMgmt module.
Agent: We are investigating the issue.
Agent: Root cause identified as Missing reference data.
Agent: Resolution applied – Corrected payload schema and redeployed integration.",2024-03-21T00:00:00
INC00219,"User: I am facing an issue in the Login module.
Agent: Can you describe the problem?
User: Password related issue in Login module.
Agent: We are investigating the issue.
Agent: Root cause identified as Permission misconfiguration.
Agent: Resolution applied – Reprocessed failed data through batch job.",2024-09-30T00:00:00
INC00220,"User: I am facing an issue in the Analytics module.
Agent: Can you describe the problem?
User: Dashboard related issue in Analytics module.
Agent: We are investigating the issue.
Agent: Root cause identified as Null value in database column.
Agent: Resolution applied – Corrected payload schema and redeployed integration.",2024-08-26T00:00:00
INC00221,"User: I am facing an issue in the Billing module.
Agent: Can you describe the problem?
User: Discount related issue in Billing module.
Agent: We are investigating the issue.
Agent: Root cause identified as Permission misconfiguration.
Agent: Resolution applied – Updated missing database records using corrective SQL script.",2024-10-01T00:00:00
INC00222,"User: I am facing an issue in the Inventory module.
Agent: Can you describe the problem?
User: Sku related issue in Inventory module.
Agent: We are investigating the issue.
Agent: Root cause identified as Permission misconfiguration.
Agent: Resolution applied – Restarted affected microservice and validated health checks.",2024-04-06T00:00:00
INC00223,"User: I am facing an issue in the Inventory module.
Agent: Can you describe the problem?
User: Sku related issue in Inventory module.
Agent: We are investigating the issue.
Agent: Root cause identified as Network latency spike.
Agent: Resolution applied – Corrected payload schema and redeployed integration.",2024-09-21T00:00:00
INC00224,"User: I am facing an issue in the OrderMgmt module.
Agent: Can you describe the problem?
User: Order related issue in OrderMgmt module.
Agent: We are investigating the issue.
Agent: Root cause identified as Network latency spike.
Agent: Resolution applied – Granted missing role permissions to affected users.",2024-02-11T00:00:00
INC00225,"User: I am facing an issue in the OrderMgmt module.
Agent: Can you describe the problem?
User: Fulfillment related issue in OrderMgmt module.
Agent: We are investigating the issue.
Agent: Root cause identified as Null value in database column.
Agent: Resolution applied – Updated missing database records using corrective SQL script.",2024-01-18T00:00:00
INC00226,"User: I am facing an issue in the Analytics module.
Agent: Can you describe the problem?
User: Dashboard related issue in Analytics module.
Agent: We are investigating the issue.
Agent: Root cause identified as Missing reference data.
Agent: Resolution applied – Corrected payload schema and redeployed integration.",2024-02-19T00:00:00
INC00227,"User: I am facing an issue in the OrderMgmt module.
Agent: Can you describe the problem?
User: Checkout related issue in OrderMgmt module.
Agent: We are investigating the issue.
Agent: Root cause identified as Downstream API timeout.
Agent: Resolution applied – Corrected payload schema and redeployed integration.",2024-02-12T00:00:00
INC00228,"User: I am facing an issue in the OrderMgmt module.
Agent: Can you describe the problem?
User: Status related issue in OrderMgmt module.
Agent: We are investigating the issue.
Agent: Root cause identified as Permission misconfiguration.
Agent: Resolution applied – Updated missing database records using corrective SQL script.",2024-07-22T00:00:00
INC00229,"User: I am facing an issue in the Analytics module.
Agent: Can you describe the problem?
User: Report related issue in Analytics module.
Agent: We are investigating the issue.
Agent: Root cause identified as Schema mismatch in payload.
Agent: Resolution applied – Retried failed API calls with increased timeout.",2024-08-17T00:00:00
INC00230,"User: I am facing an issue in the Analytics module.
Agent: Can you describe the problem?
User: Etl related issue in Analytics module.
Agent: We are investigating the issue.
Agent: Root cause identified as Null value in database column.
Agent: Resolution applied – Applied configuration fix and redeployed service.",2024-06-29T00:00:00
INC00231,"User: I am facing an issue in the Shipping module.
Agent: Can you describe the problem?
User: Carrier related issue in Shipping module.
Agent: We are investigating the issue.
Agent: Root cause identified as Stale cache entry after deployment.
Agent: Resolution applied – Retried failed API calls with increased timeout.",2024-06-11T00:00:00
INC00232,"User: I am facing an issue in the Inventory module.
Agent: Can you describe the problem?
User: Warehouse related issue in Inventory module.
Agent: We are investigating the issue.
Agent: Root cause identified as Stale cache entry after deployment.
Agent: Resolution applied – Granted missing role permissions to affected users.",2024-06-14T00:00:00
INC00233,"User: I am facing an issue in the OrderMgmt module.
Agent: Can you describe the problem?
User: Status related issue in OrderMgmt module.
Agent: We are investigating the issue.
Agent: Root cause identified as Schema mismatch in payload.
Agent: Resolution applied – Retried failed API calls with increased timeout.",2024-08-13T00:00:00
INC00234,"User: I am facing an issue in the Shipping module.
Agent: Can you describe the problem?
User: Tracking related issue in Shipping module.
Agent: We are investigating the issue.
Agent: Root cause identified as Null value in database column.
Agent: Resolution applied – Retried failed API calls with increased timeout.",2024-04-22T00:00:00
INC00235,"User: I am facing an issue in the Shipping module.
Agent: Can you describe the problem?
User: Carrier related issue in Shipping module.
Agent: We are investigating the issue.
Agent: Root cause identified as Schema mismatch in payload.
Agent: Resolution applied – Cleared distributed cache and forced cache rebuild.",2024-02-08T00:00:00
INC00236,"User: I am facing an issue in the Shipping module.
Agent: Can you describe the problem?
User: Carrier related issue in Shipping module.
Agent: We are investigating the issue.
Agent: Root cause identified as Network latency spike.
Agent: Resolution applied – Retried failed API calls with increased timeout.",2024-06-18T00:00:00
INC00237,"User: I am facing an issue in the Shipping module.
Agent: Can you describe the problem?
User: Tracking related issue in Shipping module.
Agent: We are investigating the issue.
Agent: Root cause identified as Permission misconfiguration.
Agent: Resolution applied – Retried failed API calls with increased timeout.",2024-05-16T00:00:00
INC00238,"User: I am facing an issue in the Billing module.
Agent: Can you describe the problem?
User: Pricing related issue in Billing module.
Agent: We are investigating the issue.
Agent: Root cause identified as Missing reference data.
Agent: Resolution applied – Reprocessed failed data through batch job.",2024-03-26T00:00:00
INC00239,"User: I am facing an issue in the Shipping module.
Agent: Can you describe the problem?
User: Dispatch related issue in Shipping module.
Agent: We are investigating the issue.
Agent: Root cause identified as Stale cache entry after deployment.
Agent: Resolution applied – Retried failed API calls with increased timeout.",2024-09-19T00:00:00
INC00240,"User: I am facing an issue in the Inventory module.
Agent: Can you describe the problem?
User: Stock related issue in Inventory module.
Agent: We are investigating the issue.
Agent: Root cause identified as Missing reference data.
Agent: Resolution applied – Restarted affected microservice and validated health checks.",2024-07-05T00:00:00
INC00241,"User: I am facing an issue in the Payments module.
Agent: Can you describe the problem?
User: Callback related issue in Payments module.
Agent: We are investigating the issue.
Agent: Root cause identified as Missing reference data.
Agent: Resolution applied – Corrected payload schema and redeployed integration.",2024-03-24T00:00:00
INC00242,"User: I am facing an issue in the Billing module.
Agent: Can you describe the problem?
User: Discount related issue in Billing module.
Agent: We are investigating the issue.
Agent: Root cause identified as Network latency spike.
Agent: Resolution applied – Retried failed API calls with increased timeout.",2024-08-14T00:00:00
INC00243,"User: I am facing an issue in the CRM module.
Agent: Can you describe the problem?
User: Customer related issue in CRM module.
Agent: We are investigating the issue.
Agent: Root cause identified as Schema mismatch in payload.
Agent: Resolution applied – Restarted affected microservice and validated health checks.",2024-05-21T00:00:00
INC00244,"User: I am facing an issue in the Analytics module.
Agent: Can you describe the problem?
User: Etl related issue in Analytics module.
Agent: We are investigating the issue.
Agent: Root cause identified as Incorrect configuration parameter.
Agent: Resolution applied – Updated missing database records using corrective SQL script.",2024-02-14T00:00:00
INC00245,"User: I am facing an issue in the Analytics module.
Agent: Can you describe the problem?
User: Etl related issue in Analytics module.
Agent: We are investigating the issue.
Agent: Root cause identified as Incorrect configuration parameter.
Agent: Resolution applied – Applied configuration fix and redeployed service.",2024-04-13T00:00:00
INC00246,"User: I am facing an issue in the CRM module.
Agent: Can you describe the problem?
User: Customer related issue in CRM module.
Agent: We are investigating the issue.
Agent: Root cause identified as Network latency spike.
Agent: Resolution applied – Reprocessed failed data through batch job.",2024-05-24T00:00:00
INC00247,"User: I am facing an issue in the CRM module.
Agent: Can you describe the problem?
User: Permissions related issue in CRM module.
Agent: We are investigating the issue.
Agent: Root cause identified as Downstream API timeout.
Agent: Resolution applied – Applied configuration fix and redeployed service.",2024-05-07T00:00:00
INC00248,"User: I am facing an issue in the OrderMgmt module.
Agent: Can you describe the problem?
User: Order related issue in OrderMgmt module.
Agent: We are investigating the issue.
Agent: Root cause identified as Network latency spike.
Agent: Resolution applied – Granted missing role permissions to affected users.",2024-09-21T00:00:00
INC00249,"User: I am facing an issue in the Analytics module.
Agent: Can you describe the problem?
User: Dashboard related issue in Analytics module.
Agent: We are investigating the issue.
Agent: Root cause identified as Schema mismatch in payload.
Agent: Resolution applied – Cleared distributed cache and forced cache rebuild.",2024-05-29T00:00:00
INC00250,"User: I am facing an issue in the Billing module.
Agent: Can you describe the problem?
User: Tax related issue in Billing module.
Agent: We are investigating the issue.
Agent: Root cause identified as Null value in database column.
Agent: Resolution applied – Restarted affected microservice and validated health checks.",2024-02-15T00:00:00
